FRASE:,SITUACAO:
"sinto uma dor forte no peito e falta de ar",alto risco
"estou com pressão forte no peito e suor frio",alto risco
"tenho dor no peito que piora quando faço esforço físico",alto risco
"sinto falta de ar intensa e dificuldade para respirar",alto risco
"meu coração está batendo muito rápido e tenho palpitações",alto risco
"estou com tontura e parece que vou desmaiar",alto risco
"tenho falta de ar e cansaço constante durante minhas atividades",alto risco
"sinto um aperto no tórax e preciso parar quando faço esforço",alto risco
"estou com inchaço nas pernas e nos tornozelos",alto risco
"tenho uma dor forte no peito acompanhada de suor frio",alto risco
"sinto um leve cansaço depois de caminhar",baixo risco
"tive um leve incômodo nas costas",baixo risco
"estou um pouco cansado depois de um dia movimentado",baixo risco
"sinto uma dor muscular leve no braço depois de fazer exercício",baixo risco
"tenho um pequeno desconforto no pescoço",baixo risco
"sinto uma leve dor de cabeça no final do dia",baixo risco
"estou com um pouco de cansaço depois de estudar",baixo risco
"sinto um desconforto leve nas costas ao ficar muito tempo sentado",baixo risco
"tenho uma dor muscular leve depois de praticar atividade física",baixo risco
"sinto um pequeno desconforto nas pernas depois de caminhar",baixo risco