Sintoma 1,Sintoma 2,Doenca Associada
dor forte no peito,esforço físico,Infarto
cansaço constante,fadiga,Insuficiência Cardíaca
falta de ar,dificuldade para respirar,Angina
coração bater muito rápido,palpitações,Arritmia
tontura,parece que vou desmaiar,Hipotensão
inchaço nas pernas,inchaço nos tornozelos,Insuficiência Cardíaca
pressão forte no peito,suor frio,Infarto
falta de ar,cansaço constante,Insuficiência Cardíaca
fadiga persistente,cansaço constante,Insuficiência Cardíaca
aperto no tórax,falta de ar,Angina